"subgroup","n_Control","n_NWSH","mean_Control","mean_NWSH","sd_Control","sd_NWSH","RD","SE","ci.lb","ci.ub","z","P-value","int_Pval","Y","V"
"0",138,216,0.346563879527446,0.140635558488246,0.360028863204739,0.453301800002644,-0.2032,0.0516,-0.3044,-0.102,-3.9359,0.0001,0.181567431386239,"t2_ratio_th1_th2","diar7d_t2"
"1",31,31,0.0554432893997115,0.0403751866454844,0.57325376563021,0.37053514144481,-0.1836,0.0552,-0.2919,-0.0754,-3.3248,0.0009,NA,"t2_ratio_th1_th2","diar7d_t2"
"0",114,168,0.323079762467471,0.113386208865853,0.38340358305901,0.452861657370164,-0.2142,0.0516,-0.3154,-0.113,-4.15,0,0.131057374048528,"t2_ratio_th1_th2","fever7d_t2"
"1",55,79,0.231153898634306,0.159240864936809,0.487580573286914,0.426797581310754,-0.1901,0.0547,-0.2973,-0.0829,-3.475,0.0005,NA,"t2_ratio_th1_th2","fever7d_t2"
"0",120,176,0.275816389785302,0.137566112657957,0.4463919904004,0.443167013532489,-0.1367,0.0545,-0.2435,-0.03,-2.5101,0.0121,0.283678573861977,"t2_ratio_th1_th2","ch_pos_giardia"
"1",44,62,0.313411492906459,0.0702200486781644,0.322640009748884,0.458816710540827,-0.2265,0.0802,-0.3837,-0.0693,-2.8238,0.0047,NA,"t2_ratio_th1_th2","ch_pos_giardia"
"0",164,237,0.285902880866588,0.119258849847463,0.41619285558946,0.448093110837499,-0.1607,0.0461,-0.251,-0.0704,-3.4885,0.0005,0.269451095854057,"t2_ratio_th1_th2","ch_pos_entamoeba"
"1",NA,1,NA,0.300931431997798,NA,NA,-0.1334,0.0509,-0.2332,-0.0335,-2.6181,0.0088,NA,"t2_ratio_th1_th2","ch_pos_entamoeba"
"0",160,235,0.291388556971685,0.119452500309538,0.414766447295468,0.447908148988038,-0.1663,0.0456,-0.2557,-0.0769,-3.6453,0.0003,0.273815754993772,"t2_ratio_th1_th2","ch_pos_crypto"
"1",4,3,0.0664758366627192,0.164647091035016,0.47746515052757,0.483306633962886,0.1121,0.3121,-0.4996,0.7238,0.3593,0.7194,NA,"t2_ratio_th1_th2","ch_pos_crypto"
"0",46,NA,0.297071688452511,NA,0.48676751656187,NA,-0.1558,0.0496,-0.2531,-0.0585,-3.1378,0.0017,0.866790169917158,"t2_ratio_th1_th2","ch_qpcr_pos_trichuris"
"1",2,NA,0.517395997464155,NA,0.0100720474901696,NA,-0.1365,0.0527,-0.2398,-0.0331,-2.5882,0.0096,NA,"t2_ratio_th1_th2","ch_qpcr_pos_trichuris"
"0",41,NA,0.313706317482916,NA,0.493308082707496,NA,-0.1557,0.0497,-0.253,-0.0583,-3.1339,0.0017,0.9079998125052,"t2_ratio_th1_th2","ch_qpcr_pos_ascaris"
"1",7,NA,0.262590092420607,NA,0.409435005724698,NA,-0.1361,0.0527,-0.2394,-0.0327,-2.5809,0.0099,NA,"t2_ratio_th1_th2","ch_qpcr_pos_ascaris"
"0",138,217,-2.84543233333333,-3.03249511059908,0.420433431466754,0.594423835299583,-0.1775,0.0641,-0.3031,-0.0519,-2.7691,0.0056,0.0801957852657749,"t2_ratio_il12_il4","diar7d_t2"
"1",31,31,-3.07219564516129,-3.41484964516129,0.67718505835114,0.936610666848488,-0.2879,0.0925,-0.4692,-0.1066,-3.1121,0.0019,NA,"t2_ratio_il12_il4","diar7d_t2"
"0",114,169,-2.82198120175439,-3.06241425443787,0.388109658425562,0.699072029179789,-0.239,0.0824,-0.4005,-0.0776,-2.9021,0.0037,0.0288363244870232,"t2_ratio_il12_il4","fever7d_t2"
"1",55,79,-3.02185218181818,-3.11852872151899,0.62022338764761,0.55853169813433,-0.3299,0.1,-0.5259,-0.1339,-3.2996,0.001,NA,"t2_ratio_il12_il4","fever7d_t2"
"0",120,177,-2.92836411666667,-3.05653889265537,0.510934436752226,0.570421244721216,-0.1168,0.0691,-0.2521,0.0186,-1.6905,0.0909,0.199473665581403,"t2_ratio_il12_il4","ch_pos_giardia"
"1",44,62,-2.80111077272727,-3.18107741935484,0.383308558352986,0.882713812346205,-0.3195,0.1426,-0.5991,-0.0399,-2.2399,0.0251,NA,"t2_ratio_il12_il4","ch_pos_giardia"
"0",164,238,-2.89422297560976,-3.08894711344538,0.482227507550742,0.667221478533507,-0.1681,0.0658,-0.2971,-0.0391,-2.5546,0.0106,0.198906197127954,"t2_ratio_il12_il4","ch_pos_entamoeba"
"1",NA,1,NA,-3.064771,NA,NA,-0.2668,0.0941,-0.4512,-0.0824,-2.8352,0.0046,NA,"t2_ratio_il12_il4","ch_pos_entamoeba"
"0",160,236,-2.88112415625,-3.08843509322034,0.471525269231665,0.665375871079811,-0.1801,0.066,-0.3093,-0.0508,-2.7303,0.0063,0.209279264744284,"t2_ratio_il12_il4","ch_pos_crypto"
"1",4,3,-3.41817575,-3.12116733333333,0.689824571620145,0.856080695670877,0.331,0.4388,-0.5291,1.1911,0.7543,0.4507,NA,"t2_ratio_il12_il4","ch_pos_crypto"
"0",46,NA,-2.93569245652174,NA,0.6220978501617,NA,-0.1723,0.07,-0.3094,-0.0351,-2.4623,0.0138,0.936323724898318,"t2_ratio_il12_il4","ch_qpcr_pos_trichuris"
"1",2,NA,-2.820525,NA,0.177936350417783,NA,0.0812,0.079,-0.0737,0.2362,1.0274,0.3042,NA,"t2_ratio_il12_il4","ch_qpcr_pos_trichuris"
"0",41,NA,-2.9568007804878,NA,0.640154421406332,NA,-0.1723,0.07,-0.3096,-0.0351,-2.4613,0.0138,0.94685945624201,"t2_ratio_il12_il4","ch_qpcr_pos_ascaris"
"1",7,NA,-2.779153,NA,0.385516743875023,NA,0.0802,0.0796,-0.0759,0.2363,1.0068,0.3141,NA,"t2_ratio_il12_il4","ch_qpcr_pos_ascaris"
"0",138,217,-1.80676229347826,-1.90573386082949,0.446609662757022,0.514697219374106,-0.0602,0.0624,-0.1824,0.0621,-0.9644,0.3348,0.457856337311229,"t2_ratio_ifn_il4","diar7d_t2"
"1",31,32,-2.02978143225806,-2.1387720625,0.552040196599782,0.599390638302953,-0.0578,0.063,-0.1812,0.0656,-0.9182,0.3585,NA,"t2_ratio_ifn_il4","diar7d_t2"
"0",114,169,-1.78364494649123,-1.93917800473373,0.438153148594064,0.528645737978596,-0.1363,0.0662,-0.2661,-0.0065,-2.0575,0.0396,0.243495108668597,"t2_ratio_ifn_il4","fever7d_t2"
"1",55,80,-1.98037994545455,-1.9282983875,0.519936494925829,0.538590707320045,-0.1341,0.0673,-0.266,-0.0022,-1.9929,0.0463,NA,"t2_ratio_ifn_il4","fever7d_t2"
"0",120,177,-1.8779056475,-1.91058278983051,0.476682960936422,0.537379413045654,0.0209,0.0712,-0.1188,0.1605,0.2927,0.7697,0.181012881537281,"t2_ratio_ifn_il4","ch_pos_giardia"
"1",44,63,-1.8035041,-2.02123128571429,0.43276961817877,0.524644637321192,-0.2016,0.104,-0.4054,0.0023,-1.9379,0.0526,NA,"t2_ratio_ifn_il4","ch_pos_giardia"
"0",164,239,-1.85794425670732,-1.93943701171548,0.465177847856497,0.53631587584793,-0.0382,0.0614,-0.1585,0.0821,-0.6229,0.5333,0.209231080768208,"t2_ratio_ifn_il4","ch_pos_entamoeba"
"1",NA,1,NA,-1.985279,NA,NA,-0.0353,0.0622,-0.1573,0.0867,-0.5667,0.5709,NA,"t2_ratio_ifn_il4","ch_pos_entamoeba"
"0",160,237,-1.845722481875,-1.93778582616034,0.451560675199436,0.526948410950944,-0.0503,0.0602,-0.1683,0.0677,-0.8357,0.4033,0.220993250085835,"t2_ratio_ifn_il4","ch_pos_crypto"
"1",4,3,-2.34681525,-2.08516133333333,0.789628886804586,1.1965783467489,0.3507,0.686,-0.9937,1.6952,0.5113,0.6091,NA,"t2_ratio_ifn_il4","ch_pos_crypto"
"0",46,NA,-1.81067676304348,NA,0.484381272131142,NA,-0.0192,0.0695,-0.1555,0.1171,-0.2765,0.7822,0.337174940729382,"t2_ratio_ifn_il4","ch_qpcr_pos_trichuris"
"1",2,NA,-1.813797,NA,0.129430239441948,NA,0.0044,0.0767,-0.146,0.1547,0.0571,0.9545,NA,"t2_ratio_ifn_il4","ch_qpcr_pos_trichuris"
"0",41,NA,-1.82476212439024,NA,0.49139361259873,NA,-0.0191,0.0695,-0.1553,0.1171,-0.2751,0.7832,0.377657467082912,"t2_ratio_ifn_il4","ch_qpcr_pos_ascaris"
"1",7,NA,-1.72906828571429,NA,0.378911866524708,NA,0.0047,0.0764,-0.1451,0.1545,0.0614,0.951,NA,"t2_ratio_ifn_il4","ch_qpcr_pos_ascaris"
"0",138,218,0.501146367391304,0.226830247247706,0.631217368893807,0.734993813884616,-0.269,0.0943,-0.4539,-0.0842,-2.8532,0.0043,0.438488520260795,"t2_ratio_il12_il5","diar7d_t2"
"1",31,31,0.297346661290323,0.147802977419355,0.781712945658691,0.878867638802299,0.0512,0.1489,-0.2407,0.343,0.3436,0.7311,NA,"t2_ratio_il12_il5","diar7d_t2"
"0",114,170,0.476688018421053,0.180285918823529,0.683851637263096,0.821311394991577,-0.2997,0.1101,-0.5156,-0.0839,-2.7216,0.0065,0.410894594549346,"t2_ratio_il12_il5","fever7d_t2"
"1",55,79,0.436972929090909,0.295978227848101,0.624588284869852,0.575652712371965,0.0439,0.144,-0.2383,0.3261,0.305,0.7603,NA,"t2_ratio_il12_il5","fever7d_t2"
"0",120,177,0.457512220833333,0.199306842372881,0.70441362657595,0.747786440875344,-0.2435,0.1,-0.4395,-0.0475,-2.4347,0.0149,0.834446028415465,"t2_ratio_il12_il5","ch_pos_giardia"
"1",44,63,0.46590115,0.22816133015873,0.551689120144862,0.803401846317034,-0.2264,0.1696,-0.5588,0.1061,-1.3346,0.182,NA,"t2_ratio_il12_il5","ch_pos_giardia"
"0",164,239,0.459762909146341,0.20529689707113,0.665252441086154,0.762375165835995,-0.2389,0.0937,-0.4225,-0.0552,-2.5496,0.0108,0.794613932379536,"t2_ratio_il12_il5","ch_pos_entamoeba"
"1",NA,1,NA,0.5855165,NA,NA,0.0954,0.1581,-0.2145,0.4054,0.6035,0.5462,NA,"t2_ratio_il12_il5","ch_pos_entamoeba"
"0",160,237,0.4578341875,0.200469643459916,0.667680917301455,0.762822716725408,-0.2427,0.0944,-0.4277,-0.0577,-2.5717,0.0101,0.788352219012479,"t2_ratio_il12_il5","ch_pos_crypto"
"1",4,3,0.536911775,0.7133898,0.640613700679145,0.427730294750372,0.1911,0.4017,-0.5962,0.9784,0.4758,0.6343,NA,"t2_ratio_il12_il5","ch_pos_crypto"
"0",46,NA,0.394617404347826,NA,0.773826997360459,NA,-0.2556,0.0956,-0.4429,-0.0683,-2.6747,0.0075,0.443457969608553,"t2_ratio_il12_il5","ch_qpcr_pos_trichuris"
"1",2,NA,0.8984146,NA,0.314421252794273,NA,-0.3214,0.1174,-0.5515,-0.0913,-2.7378,0.0062,NA,"t2_ratio_il12_il5","ch_qpcr_pos_trichuris"
"0",41,NA,0.458957068292683,NA,0.787294486154548,NA,-0.2546,0.0956,-0.442,-0.0672,-2.6629,0.0077,0.583510039591468,"t2_ratio_il12_il5","ch_qpcr_pos_ascaris"
"1",7,NA,0.161712857142857,NA,0.606920455431206,NA,-0.3172,0.1173,-0.5472,-0.0872,-2.7033,0.0069,NA,"t2_ratio_il12_il5","ch_qpcr_pos_ascaris"
"0",138,218,1.53981638043478,1.34994679495413,0.593840688632922,0.618305663413256,-0.1402,0.0849,-0.3066,0.0261,-1.6523,0.0985,0.623812382591073,"t2_ratio_ifn_il5","diar7d_t2"
"1",31,32,1.33976098709677,1.410685021875,0.641053768673844,0.548072588623723,-0.1235,0.0944,-0.3085,0.0615,-1.308,0.1909,NA,"t2_ratio_ifn_il5","diar7d_t2"
"0",114,170,1.51502426491228,1.29886908823529,0.655990497912478,0.612491602165553,-0.1631,0.0924,-0.3442,0.018,-1.7654,0.0775,0.608858940177818,"t2_ratio_ifn_il5","fever7d_t2"
"1",55,80,1.47844518,1.4827822125,0.490238207622336,0.586068725408222,-0.1431,0.1037,-0.3463,0.0602,-1.3795,0.1677,NA,"t2_ratio_ifn_il5","fever7d_t2"
"0",120,177,1.50797070666667,1.34526294124294,0.647622234384113,0.641537239877278,-0.106,0.0935,-0.2892,0.0773,-1.1334,0.2571,0.809454017358729,"t2_ratio_ifn_il5","ch_pos_giardia"
"1",44,64,1.46350779318182,1.3708750484375,0.441073482483915,0.51923569168104,-0.0606,0.0989,-0.2543,0.1332,-0.6127,0.5401,NA,"t2_ratio_ifn_il5","ch_pos_giardia"
"0",164,240,1.49604163231707,1.35076056541667,0.598256417288264,0.611445836827213,-0.0964,0.0798,-0.2528,0.0599,-1.2093,0.2265,0.813622284860366,"t2_ratio_ifn_il5","ch_pos_entamoeba"
"1",NA,1,NA,1.665008,NA,NA,-0.0755,0.0899,-0.2517,0.1007,-0.8398,0.401,NA,"t2_ratio_ifn_il5","ch_pos_entamoeba"
"0",160,238,1.493235866875,1.34705611764706,0.603349470407532,0.607356736542187,-0.094,0.0793,-0.2495,0.0614,-1.1852,0.2359,0.805597161336827,"t2_ratio_ifn_il5","ch_pos_crypto"
"1",4,3,1.60827225,1.7493959,0.368304932662574,0.879672960542854,0.0497,0.4499,-0.8322,0.9316,0.1104,0.9121,NA,"t2_ratio_ifn_il5","ch_pos_crypto"
"0",46,NA,1.51963316086957,NA,0.548153552397251,NA,-0.086,0.0799,-0.2425,0.0706,-1.0761,0.2819,0.901019811573939,"t2_ratio_ifn_il5","ch_qpcr_pos_trichuris"
"1",2,NA,1.905143,NA,0.362928212298245,NA,-0.0555,0.0808,-0.2139,0.103,-0.686,0.4927,NA,"t2_ratio_ifn_il5","ch_qpcr_pos_trichuris"
"0",41,NA,1.59099583414634,NA,0.533597624235533,NA,-0.0855,0.0798,-0.2418,0.0709,-1.0718,0.2838,0.727892006102723,"t2_ratio_ifn_il5","ch_qpcr_pos_ascaris"
"1",7,NA,1.21179745714286,NA,0.530567655288848,NA,-0.0545,0.0809,-0.2131,0.1041,-0.6734,0.5007,NA,"t2_ratio_ifn_il5","ch_qpcr_pos_ascaris"
"0",138,217,-0.579750641304348,-0.84601088156682,0.638366334360335,1.00171284561132,-0.3366,0.0997,-0.532,-0.1412,-3.3763,0.0007,0.471242935367967,"t2_ratio_il12_il13","diar7d_t2"
"1",31,31,-0.98396044516129,-1.15408520645161,1.03729666625076,0.894859544299427,-0.4745,0.1951,-0.8569,-0.0922,-2.4323,0.015,NA,"t2_ratio_il12_il13","diar7d_t2"
"0",114,169,-0.667336231578947,-0.902392221893491,0.690795207229915,1.0071411573007,-0.3096,0.1075,-0.5204,-0.0989,-2.8793,0.004,0.453088338664072,"t2_ratio_il12_il13","fever7d_t2"
"1",55,79,-0.626036943636364,-0.846287559493671,0.841711656036561,0.96583141928823,-0.4249,0.2001,-0.817,-0.0328,-2.1238,0.0337,NA,"t2_ratio_il12_il13","fever7d_t2"
"0",120,176,-0.682339655833333,-0.823290814204545,0.747077435863638,0.972147292225354,-0.2029,0.106,-0.4107,0.0049,-1.9142,0.0556,0.139980212293767,"t2_ratio_il12_il13","ch_pos_giardia"
"1",44,63,-0.628924861363636,-1.08383303174603,0.701729184668723,1.07071636387218,-0.4929,0.1981,-0.8812,-0.1046,-2.4879,0.0128,NA,"t2_ratio_il12_il13","ch_pos_giardia"
"0",164,238,-0.668008857317073,-0.892094713445378,0.733438499959716,1.00550085938061,-0.279,0.0965,-0.4681,-0.09,-2.8925,0.0038,0.125929240732732,"t2_ratio_il12_il13","ch_pos_entamoeba"
"1",NA,1,NA,-0.8621225,NA,NA,-0.408,0.2,-0.7999,-0.0161,-2.0407,0.0413,NA,"t2_ratio_il12_il13","ch_pos_entamoeba"
"0",160,236,-0.672430368125,-0.890947628389831,0.737386526918354,1.00726637144023,-0.2756,0.0996,-0.4707,-0.0804,-2.7678,0.0056,0.123934911814252,"t2_ratio_il12_il13","ch_pos_crypto"
"1",4,3,-0.491148425,-0.972341333333333,0.605582771995166,0.764279225057029,-0.4762,0.2789,-1.0229,0.0704,-1.7075,0.0877,NA,"t2_ratio_il12_il13","ch_pos_crypto"
"0",46,NA,-0.568614865217391,NA,0.819930282152888,NA,-0.2649,0.108,-0.4766,-0.0533,-2.4534,0.0142,0.536715347667005,"t2_ratio_il12_il13","ch_qpcr_pos_trichuris"
"1",2,NA,-0.6323989,NA,0.287970085166359,NA,-0.5223,0.1883,-0.8914,-0.1532,-2.7735,0.0055,NA,"t2_ratio_il12_il13","ch_qpcr_pos_trichuris"
"0",41,NA,-0.618651256097561,NA,0.814555942853502,NA,-0.2636,0.1074,-0.4741,-0.0531,-2.4543,0.0141,0.896166688970303,"t2_ratio_il12_il13","ch_qpcr_pos_ascaris"
"1",7,NA,-0.293768585714286,NA,0.727144031792201,NA,-0.524,0.1886,-0.8938,-0.1543,-2.7778,0.0055,NA,"t2_ratio_il12_il13","ch_qpcr_pos_ascaris"
"0",138,217,0.45891937826087,0.276473044700461,0.658286321516129,0.923075119134924,-0.2329,0.0956,-0.4203,-0.0455,-2.4354,0.0149,0.0854860708731442,"t2_ratio_ifn_il13","diar7d_t2"
"1",31,32,0.0584538419354839,0.244492815625,0.984421340988679,1.02623965542574,-0.3971,0.1667,-0.7238,-0.0705,-2.3829,0.0172,NA,"t2_ratio_ifn_il13","diar7d_t2"
"0",114,169,0.371000035087719,0.215351849112426,0.676987746140732,0.891417219862111,-0.1991,0.1079,-0.4105,0.0123,-1.8462,0.0649,0.128773552727175,"t2_ratio_ifn_il13","fever7d_t2"
"1",55,80,0.41543526,0.39279947875,0.867492295433638,1.01580365324704,-0.3413,0.1666,-0.6679,-0.0147,-2.0484,0.0405,NA,"t2_ratio_ifn_il13","fever7d_t2"
"0",120,176,0.36811883,0.3220150625,0.723244576013115,0.91039503388727,-0.0844,0.1107,-0.3013,0.1325,-0.7629,0.4455,0.0895598278994597,"t2_ratio_ifn_il13","ch_pos_giardia"
"1",44,64,0.368681784090909,0.1268865734375,0.76491282283479,1.03519278133989,-0.2988,0.1903,-0.6717,0.0742,-1.5701,0.1164,NA,"t2_ratio_ifn_il13","ch_pos_giardia"
"0",164,239,0.368269866463415,0.270200932635983,0.732278540971344,0.948993001436614,-0.1398,0.0946,-0.3251,0.0456,-1.4781,0.1394,0.0819477698870248,"t2_ratio_ifn_il13","ch_pos_entamoeba"
"1",NA,1,NA,0.2173688,NA,NA,-0.3031,0.1681,-0.6327,0.0264,-1.8029,0.0714,NA,"t2_ratio_ifn_il13","ch_pos_entamoeba"
"0",160,237,0.36297131,0.2725923907173,0.738709411368977,0.95265948665595,-0.1326,0.0966,-0.3219,0.0568,-1.3724,0.1699,0.0794823415666446,"t2_ratio_ifn_il13","ch_pos_crypto"
"1",4,3,0.580212125,0.0636650333333333,0.390153765738598,0.120743861261198,-0.6002,0.1428,-0.8801,-0.3203,-4.2031,0,NA,"t2_ratio_ifn_il13","ch_pos_crypto"
"0",46,NA,0.55640085,NA,0.81672390869236,NA,-0.1021,0.1011,-0.3003,0.0962,-1.0091,0.3129,0.199642205921057,"t2_ratio_ifn_il13","ch_qpcr_pos_trichuris"
"1",2,NA,0.3743291,NA,0.239463832769168,NA,-0.1006,0.1009,-0.2984,0.0972,-0.9971,0.3187,NA,"t2_ratio_ifn_il13","ch_qpcr_pos_trichuris"
"0",41,NA,0.513387414634146,NA,0.84228067883346,NA,-0.1003,0.1006,-0.2975,0.0968,-0.9977,0.3184,0.383094889361849,"t2_ratio_ifn_il13","ch_qpcr_pos_ascaris"
"1",7,NA,0.756316185714286,NA,0.484297009371141,NA,-0.099,0.1004,-0.2957,0.0978,-0.986,0.3241,NA,"t2_ratio_ifn_il13","ch_qpcr_pos_ascaris"
"0",138,215,1.31201707686868,1.26391651655112,0.646273812868916,0.581809765353455,-0.0558,0.0901,-0.2325,0.1209,-0.6191,0.5359,0.0632297556103518,"t2_ratio_pro_il10","diar7d_t2"
"1",31,31,1.30556974399507,1.2412951965623,0.487599787807856,0.475981570457857,-0.0285,0.0992,-0.2229,0.1659,-0.2872,0.7739,NA,"t2_ratio_pro_il10","diar7d_t2"
"0",114,169,1.39058869115352,1.3150731971057,0.685525532728807,0.574387115549822,-0.0838,0.0986,-0.2769,0.1094,-0.8499,0.3954,0.0400480898091168,"t2_ratio_pro_il10","fever7d_t2"
"1",55,77,1.14552559782224,1.14253028365013,0.408758349947329,0.541059885499093,-0.056,0.1079,-0.2674,0.1554,-0.5193,0.6036,NA,"t2_ratio_pro_il10","fever7d_t2"
"0",120,174,1.31788388287483,1.26540127872728,0.643841154656303,0.591940272994664,-0.0652,0.0918,-0.2451,0.1147,-0.7107,0.4773,0.736825560570087,"t2_ratio_pro_il10","ch_pos_giardia"
"1",44,64,1.29197040360688,1.27250048176736,0.5801443873412,0.524046543378566,-0.0247,0.1173,-0.2546,0.2052,-0.2103,0.8334,NA,"t2_ratio_pro_il10","ch_pos_giardia"
"0",164,237,1.31093148599806,1.26594121531369,0.625742565949924,0.574220287941129,-0.055,0.078,-0.2078,0.0978,-0.706,0.4802,0.742742426187444,"t2_ratio_pro_il10","ch_pos_entamoeba"
"1",NA,1,NA,1.59178530231197,NA,NA,-0.0282,0.0865,-0.1976,0.1413,-0.3259,0.7445,NA,"t2_ratio_pro_il10","ch_pos_entamoeba"
"0",160,235,1.30994082058425,1.26855432419063,0.629933768982,0.576533124697481,-0.0521,0.0804,-0.2098,0.1055,-0.6482,0.5169,0.746989491346646,"t2_ratio_pro_il10","ch_pos_crypto"
"1",4,3,1.35055810255045,1.16986238228652,0.490915000800769,0.238266699710506,-0.2029,0.1432,-0.4837,0.0778,-1.4167,0.1566,NA,"t2_ratio_pro_il10","ch_pos_crypto"
"0",46,NA,1.24006192176288,NA,0.577797767050241,NA,-0.0737,0.0856,-0.2415,0.094,-0.8615,0.389,0.662307595052273,"t2_ratio_pro_il10","ch_qpcr_pos_trichuris"
"1",2,NA,1.05457787238165,NA,0.0783249518933733,NA,-0.0379,0.1008,-0.2355,0.1598,-0.3755,0.7073,NA,"t2_ratio_pro_il10","ch_qpcr_pos_trichuris"
"0",41,NA,1.2928530569174,NA,0.585161782128466,NA,-0.0737,0.0852,-0.2407,0.0934,-0.8645,0.3873,0.876775892783236,"t2_ratio_pro_il10","ch_qpcr_pos_ascaris"
"1",7,NA,0.877861258891781,NA,0.248006851982771,NA,-0.0406,0.0997,-0.2361,0.1549,-0.4071,0.6839,NA,"t2_ratio_pro_il10","ch_qpcr_pos_ascaris"
"0",138,216,-2.44837310507246,-2.53306553425926,0.871511485308298,1.02854444555076,-0.1331,0.1278,-0.3836,0.1175,-1.0409,0.2979,0.202194584606323,"t2_ratio_il1_il10","diar7d_t2"
"1",31,32,-2.41867635483871,-2.554013340625,0.795737291943832,1.23174851463799,-0.252,0.1804,-0.6056,0.1016,-1.3966,0.1625,NA,"t2_ratio_il1_il10","diar7d_t2"
"0",114,169,-2.34088331140351,-2.46277094260355,0.900082774347066,1.04966125618969,-0.19,0.1257,-0.4363,0.0563,-1.512,0.1305,0.190333368463367,"t2_ratio_il1_il10","fever7d_t2"
"1",55,79,-2.65443196363636,-2.69192775949367,0.718536081718779,1.05348831054261,-0.3023,0.1848,-0.6645,0.0598,-1.6363,0.1018,NA,"t2_ratio_il1_il10","fever7d_t2"
"0",120,176,-2.4006224125,-2.57456965,0.899928630779554,1.08303230662638,-0.2533,0.1265,-0.5012,-0.0055,-2.0032,0.0452,0.237810229347363,"t2_ratio_il1_il10","ch_pos_giardia"
"1",44,64,-2.53850936363636,-2.4309358578125,0.744825303267823,0.976019365387038,0.1649,0.1991,-0.2254,0.5553,0.8282,0.4075,NA,"t2_ratio_il1_il10","ch_pos_giardia"
"0",164,239,-2.43761647256098,-2.53892796359833,0.861022778141636,1.05687962147104,-0.1449,0.1167,-0.3737,0.0839,-1.2409,0.2146,0.32931598454203,"t2_ratio_il1_il10","ch_pos_entamoeba"
"1",NA,1,NA,-1.90037,NA,NA,-0.2625,0.1778,-0.611,0.086,-1.4762,0.1399,NA,"t2_ratio_il1_il10","ch_pos_entamoeba"
"0",160,237,-2.434328640625,-2.54281974810127,0.86589394969967,1.06049754035423,-0.1504,0.118,-0.3816,0.0809,-1.2745,0.2025,0.331949984269852,"t2_ratio_il1_il10","ch_pos_crypto"
"1",4,3,-2.56912975,-2.01862433333333,0.720417295539363,0.0952113934586263,0.384,0.2858,-0.1762,0.9442,1.3435,0.1791,NA,"t2_ratio_il1_il10","ch_pos_crypto"
"0",46,NA,-2.73759826086957,NA,0.835999411547518,NA,-0.2518,0.1316,-0.5097,0.0062,-1.9127,0.0558,0.010353520072397,"t2_ratio_il1_il10","ch_qpcr_pos_trichuris"
"1",2,NA,-2.3206445,NA,0.337471661068748,NA,-0.4302,0.1982,-0.8187,-0.0418,-2.1709,0.0299,NA,"t2_ratio_il1_il10","ch_qpcr_pos_trichuris"
"0",41,NA,-2.6423833902439,NA,0.778001577033938,NA,-0.2518,0.131,-0.5086,0.005,-1.9217,0.0546,0.0236050713941152,"t2_ratio_il1_il10","ch_qpcr_pos_ascaris"
"1",7,NA,-3.17615571428571,NA,0.998530282869397,NA,-0.4324,0.1978,-0.8201,-0.0448,-2.1863,0.0288,NA,"t2_ratio_il1_il10","ch_qpcr_pos_ascaris"
"0",138,217,-1.51286853695652,-1.49302385391705,0.823811104709435,0.836276759071778,0.0265,0.1139,-0.1967,0.2497,0.2329,0.8158,0.163266514766868,"t2_ratio_il6_il10","diar7d_t2"
"1",31,31,-1.36711927419355,-1.48926284193548,0.59760611957309,0.669229256255744,0.1478,0.1531,-0.1523,0.448,0.9653,0.3344,NA,"t2_ratio_il6_il10","diar7d_t2"
"0",114,170,-1.45629091666667,-1.45241400470588,0.86180342834194,0.819600240692465,0.0046,0.1292,-0.2486,0.2578,0.0354,0.9717,0.149341192381764,"t2_ratio_il6_il10","fever7d_t2"
"1",55,78,-1.54798892909091,-1.58003773846154,0.6084459731092,0.806646253375077,0.115,0.1617,-0.2019,0.432,0.7114,0.4768,NA,"t2_ratio_il6_il10","fever7d_t2"
"0",120,175,-1.4863149725,-1.47672197657143,0.819092397318544,0.853159191297347,0.0049,0.1106,-0.212,0.2217,0.044,0.9649,0.7590685980908,"t2_ratio_il6_il10","ch_pos_giardia"
"1",44,64,-1.48740449545455,-1.4928130078125,0.740825252166562,0.752120177387928,-0.0039,0.1805,-0.3578,0.35,-0.0217,0.9827,NA,"t2_ratio_il6_il10","ch_pos_giardia"
"0",164,238,-1.48660728353659,-1.48135225798319,0.79661075328355,0.827521395991532,0.0018,0.1011,-0.1965,0.2,0.0176,0.9859,0.719416455153887,"t2_ratio_il6_il10","ch_pos_entamoeba"
"1",NA,1,NA,-1.404541,NA,NA,0.1199,0.1416,-0.1576,0.3974,0.847,0.397,NA,"t2_ratio_il6_il10","ch_pos_entamoeba"
"0",160,236,-1.48280214375,-1.48278371779661,0.800892601720806,0.830643506209887,-0.0037,0.1028,-0.2052,0.1977,-0.0362,0.9711,0.706836360996061,"t2_ratio_il6_il10","ch_pos_crypto"
"1",4,3,-1.638812875,-1.34314033333333,0.672252297547131,0.2248369497977,0.3121,0.2557,-0.1891,0.8134,1.2206,0.2222,NA,"t2_ratio_il6_il10","ch_pos_crypto"
"0",46,NA,-1.61361004565217,NA,0.876851514444631,NA,-0.0274,0.11,-0.2429,0.1882,-0.2489,0.8034,0.547406414615593,"t2_ratio_il6_il10","ch_qpcr_pos_trichuris"
"1",2,NA,-1.573225,NA,0.442390043940865,NA,0.014,0.1332,-0.247,0.275,0.105,0.9164,NA,"t2_ratio_il6_il10","ch_qpcr_pos_trichuris"
"0",41,NA,-1.53347468292683,NA,0.876657893308138,NA,-0.0275,0.1099,-0.2429,0.1878,-0.2505,0.8022,0.776122259713421,"t2_ratio_il6_il10","ch_qpcr_pos_ascaris"
"1",7,NA,-2.07143572857143,NA,0.622679048385509,NA,0.0133,0.1327,-0.2468,0.2735,0.1006,0.9199,NA,"t2_ratio_il6_il10","ch_qpcr_pos_ascaris"
"0",138,218,-0.381722335507246,-0.559657490825688,0.671178712449268,0.631086395266546,-0.1832,0.0793,-0.3385,-0.0278,-2.3103,0.0209,0.476992411215179,"t2_ratio_tnf_il10","diar7d_t2"
"1",31,32,-0.501728270967742,-0.714013834375,0.629596702355315,0.589003893216146,-0.1077,0.1094,-0.3222,0.1067,-0.9846,0.3248,NA,"t2_ratio_tnf_il10","diar7d_t2"
"0",114,170,-0.307579621929825,-0.518068086470588,0.706079982692631,0.61413325648191,-0.2199,0.0776,-0.372,-0.0679,-2.8349,0.0046,0.453726630655114,"t2_ratio_tnf_il10","fever7d_t2"
"1",55,80,-0.603039669090909,-0.7097775125,0.516351215867648,0.637487261280681,-0.1312,0.1122,-0.3511,0.0888,-1.1689,0.2424,NA,"t2_ratio_tnf_il10","fever7d_t2"
"0",120,177,-0.421197005833333,-0.572930435028249,0.665345211030082,0.6436261650556,-0.1492,0.0843,-0.3144,0.016,-1.77,0.0767,0.653944944156692,"t2_ratio_tnf_il10","ch_pos_giardia"
"1",44,64,-0.362362595454545,-0.5760432515625,0.670261262693534,0.611888400020237,-0.1982,0.1231,-0.4395,0.0431,-1.6097,0.1075,NA,"t2_ratio_tnf_il10","ch_pos_giardia"
"0",164,240,-0.40541216402439,-0.576247929166667,0.665119693300502,0.634232905384198,-0.1644,0.067,-0.2957,-0.0332,-2.4554,0.0141,0.772479717494723,"t2_ratio_tnf_il10","ch_pos_entamoeba"
"1",NA,1,NA,0.0240479,NA,NA,-0.0876,0.1014,-0.2863,0.111,-0.8647,0.3872,NA,"t2_ratio_tnf_il10","ch_pos_entamoeba"
"0",160,238,-0.410787400625,-0.565617576470588,0.665338373909028,0.631609807246796,-0.1523,0.0678,-0.2852,-0.0193,-2.2451,0.0248,0.774043621203823,"t2_ratio_tnf_il10","ch_pos_crypto"
"1",4,3,-0.1904027,-1.21949063333333,0.715014527787406,0.584645658785134,-0.9382,0.313,-1.5516,-0.3248,-2.9979,0.0027,NA,"t2_ratio_tnf_il10","ch_pos_crypto"
"0",46,NA,-0.374842569565217,NA,0.663809832065336,NA,-0.1686,0.07,-0.3059,-0.0314,-2.4081,0.016,0.721273346422539,"t2_ratio_tnf_il10","ch_qpcr_pos_trichuris"
"1",2,NA,-0.94302665,NA,0.198384959290882,NA,-0.1454,0.0947,-0.3311,0.0402,-1.5351,0.1248,NA,"t2_ratio_tnf_il10","ch_qpcr_pos_trichuris"
"0",41,NA,-0.35133533902439,NA,0.687068398278942,NA,-0.167,0.0695,-0.3033,-0.0307,-2.4018,0.0163,0.638780045054872,"t2_ratio_tnf_il10","ch_qpcr_pos_ascaris"
"1",7,NA,-0.674866085714286,NA,0.40387823423916,NA,-0.1489,0.0932,-0.3316,0.0339,-1.5967,0.1103,NA,"t2_ratio_tnf_il10","ch_qpcr_pos_ascaris"
"0",137,215,-2.6744124810219,-2.63487183116279,1.14721457566385,1.13572531610653,-0.0939,0.1535,-0.3948,0.207,-0.6117,0.5408,0.0900461376979632,"t2_ratio_il2_il10","diar7d_t2"
"1",31,30,-2.51729193870968,-2.69454244,1.13706492628315,1.24118451706956,-0.194,0.1659,-0.5192,0.1312,-1.1691,0.2424,NA,"t2_ratio_il2_il10","diar7d_t2"
"0",113,167,-2.68023981946903,-2.56201110718563,1.19359135846126,1.16448153634259,-0.0003,0.1741,-0.3415,0.3409,-0.0018,0.9986,0.0774282680725324,"t2_ratio_il2_il10","fever7d_t2"
"1",55,78,-2.57388109818182,-2.81381874358974,1.04012919060579,1.09504151484971,-0.1016,0.1832,-0.4607,0.2575,-0.5545,0.5793,NA,"t2_ratio_il2_il10","fever7d_t2"
"0",119,172,-2.59189633697479,-2.60627119476744,1.18684196418068,1.14982119960728,-0.1539,0.1536,-0.4549,0.1471,-1.002,0.3163,0.258014322231092,"t2_ratio_il2_il10","ch_pos_giardia"
"1",44,64,-2.83456442954545,-2.77633455625,1.03690145584731,1.19079797450673,-0.0493,0.2296,-0.4993,0.4007,-0.2147,0.83,NA,"t2_ratio_il2_il10","ch_pos_giardia"
"0",163,235,-2.65740183435583,-2.65348189829787,1.15024900231811,1.16335441410836,-0.1265,0.1424,-0.4056,0.1526,-0.8882,0.3745,0.17386739874297,"t2_ratio_il2_il10","ch_pos_entamoeba"
"1",NA,1,NA,-2.395811,NA,NA,-0.2218,0.1527,-0.521,0.0774,-1.4529,0.1463,NA,"t2_ratio_il2_il10","ch_pos_entamoeba"
"0",159,233,-2.67889423647799,-2.65481715922747,1.14594644021679,1.16823554911433,-0.1128,0.1449,-0.3968,0.1713,-0.7781,0.4365,0.153678317657901,"t2_ratio_il2_il10","ch_pos_crypto"
"1",4,3,-1.80307885,-2.46388633333333,1.13436309907035,0.110859306530094,-0.5525,0.5757,-1.681,0.5759,-0.9597,0.3372,NA,"t2_ratio_il2_il10","ch_pos_crypto"
"0",46,NA,-2.62161689347826,NA,1.25266052034251,NA,-0.1041,0.1503,-0.3987,0.1904,-0.6928,0.4884,0.832179836266316,"t2_ratio_il2_il10","ch_qpcr_pos_trichuris"
"1",2,NA,-2.198487,NA,0.673496581663188,NA,0.2538,0.2168,-0.1712,0.6788,1.1706,0.2418,NA,"t2_ratio_il2_il10","ch_qpcr_pos_trichuris"
"0",41,NA,-2.51662039268293,NA,1.1578218913362,NA,-0.1023,0.1517,-0.3997,0.1951,-0.6743,0.5001,0.709069341463006,"t2_ratio_il2_il10","ch_qpcr_pos_ascaris"
"1",7,NA,-3.11570214285714,NA,1.61456416894864,NA,0.2556,0.2184,-0.1724,0.6836,1.1706,0.2417,NA,"t2_ratio_il2_il10","ch_qpcr_pos_ascaris"
"0",138,218,1.19913700816645,1.03886595669799,0.574070170847675,0.523439604681751,-0.1586,0.073,-0.3016,-0.0155,-2.1729,0.0298,0.65221390815387,"t2_ratio_th1_il10","diar7d_t2"
"1",31,31,1.15063644443187,0.954873049291622,0.400384342808227,0.437739617669426,-0.1665,0.0723,-0.3082,-0.0248,-2.3032,0.0213,NA,"t2_ratio_th1_il10","diar7d_t2"
"0",114,170,1.25666286275228,1.07751299164788,0.60244311792001,0.528681336649773,-0.1859,0.0799,-0.3425,-0.0294,-2.3277,0.0199,0.554085281136918,"t2_ratio_th1_il10","fever7d_t2"
"1",55,79,1.05256491910179,0.922742208962832,0.371697816851908,0.465025818104041,-0.1931,0.0788,-0.3476,-0.0387,-2.4506,0.0143,NA,"t2_ratio_th1_il10","fever7d_t2"
"0",120,177,1.18168276516086,1.04223346787534,0.584967787215486,0.516081514245442,-0.1337,0.0767,-0.2839,0.0166,-1.7441,0.0811,0.356275363527602,"t2_ratio_th1_il10","ch_pos_giardia"
"1",44,63,1.19024886433485,1.01814171970952,0.446670436345222,0.519830383132671,-0.1449,0.0986,-0.3382,0.0483,-1.4698,0.1416,NA,"t2_ratio_th1_il10","ch_pos_giardia"
"0",164,239,1.18398098689046,1.03508122853082,0.549968070111833,0.517010456127047,-0.1368,0.0649,-0.2641,-0.0095,-2.1071,0.0351,0.363294310030414,"t2_ratio_th1_il10","ch_pos_entamoeba"
"1",NA,1,NA,1.23383853676966,NA,NA,-0.1442,0.0644,-0.2703,-0.0181,-2.2406,0.025,NA,"t2_ratio_th1_il10","ch_pos_entamoeba"
"0",160,237,1.17999739113552,1.03380098976519,0.550553151764955,0.516929149957177,-0.1354,0.0664,-0.2655,-0.0053,-2.0406,0.0413,0.353215396832752,"t2_ratio_th1_il10","ch_pos_crypto"
"1",4,3,1.34332481708804,1.20247252709537,0.578324987271818,0.504725471334381,-0.1185,0.1847,-0.4805,0.2436,-0.6413,0.5214,NA,"t2_ratio_th1_il10","ch_pos_crypto"
"0",46,NA,1.12229754172927,NA,0.510422285418238,NA,-0.1609,0.0755,-0.3089,-0.013,-2.1317,0.033,0.79410099179212,"t2_ratio_th1_il10","ch_qpcr_pos_trichuris"
"1",2,NA,0.967323262459664,NA,0.132352128253435,NA,-0.1248,0.0827,-0.2868,0.0372,-1.5097,0.1311,NA,"t2_ratio_th1_il10","ch_qpcr_pos_trichuris"
"0",41,NA,1.14658496831628,NA,0.482932790874322,NA,-0.1616,0.0756,-0.3098,-0.0133,-2.1362,0.0327,0.720283978035728,"t2_ratio_th1_il10","ch_qpcr_pos_ascaris"
"1",7,NA,0.935764249071165,NA,0.604528896192437,NA,-0.1273,0.083,-0.29,0.0353,-1.5343,0.125,NA,"t2_ratio_th1_il10","ch_qpcr_pos_ascaris"
"0",138,216,0.852573128639008,0.902355179889554,0.647729079287184,0.613252235408864,0.0094,0.0774,-0.1424,0.1612,0.1213,0.9034,0.0516284114770534,"t2_ratio_th2_il10","diar7d_t2"
"1",31,32,1.09519315503216,0.929157561009621,0.690653180292328,0.543231331687556,0.0017,0.0777,-0.1506,0.154,0.022,0.9825,NA,"t2_ratio_th2_il10","diar7d_t2"
"0",114,168,0.933583100284809,0.969890157262607,0.703766925000977,0.57790295258257,-0.0005,0.0873,-0.1715,0.1706,-0.0052,0.9959,0.0860696545092511,"t2_ratio_th2_il10","fever7d_t2"
"1",55,80,0.821411020467486,0.771252679854168,0.558512084522555,0.637572182438312,-0.0077,0.0872,-0.1785,0.1632,-0.0881,0.9298,NA,"t2_ratio_th2_il10","fever7d_t2"
"0",120,176,0.905866375375555,0.908659698907412,0.680805897446707,0.56891595260874,-0.032,0.0735,-0.1761,0.112,-0.436,0.6629,0.855503703917261,"t2_ratio_th2_il10","ch_pos_giardia"
"1",44,63,0.876837371428386,0.957550721298476,0.617920918080109,0.678163490818907,0.064,0.1281,-0.1871,0.315,0.4994,0.6175,NA,"t2_ratio_th2_il10","ch_pos_giardia"
"0",164,238,0.898078106023876,0.921499560272003,0.662777957604303,0.599811358087189,-0.0064,0.0656,-0.135,0.1222,-0.0973,0.9225,0.816759595046426,"t2_ratio_th2_il10","ch_pos_entamoeba"
"1",NA,1,NA,0.932907104771857,NA,NA,-0.0141,0.0659,-0.1432,0.1151,-0.2137,0.8308,NA,"t2_ratio_th2_il10","ch_pos_entamoeba"
"0",160,236,0.88860883416384,0.920069178564947,0.664003474586049,0.602209302789668,0.001,0.0667,-0.1297,0.1317,0.0149,0.9881,0.835123473642645,"t2_ratio_th2_il10","ch_pos_crypto"
"1",4,3,1.27684898042532,1.03782543606035,0.550862756839178,0.0249037906993794,-0.2461,0.1859,-0.6104,0.1183,-1.3237,0.1856,NA,"t2_ratio_th2_il10","ch_pos_crypto"
"0",46,NA,0.825225853276759,NA,0.692047049014763,NA,-0.0385,0.0756,-0.1867,0.1098,-0.5086,0.611,0.524799686099872,"t2_ratio_th2_il10","ch_qpcr_pos_trichuris"
"1",2,NA,0.449927264995509,NA,0.142424175743605,NA,-0.2916,0.1322,-0.5507,-0.0325,-2.2059,0.0274,NA,"t2_ratio_th2_il10","ch_qpcr_pos_trichuris"
"0",41,NA,0.832878650833367,NA,0.723273466331807,NA,-0.039,0.0756,-0.1871,0.1091,-0.5162,0.6057,0.546577259807175,"t2_ratio_th2_il10","ch_qpcr_pos_ascaris"
"1",7,NA,0.673174156650557,NA,0.356971877505391,NA,-0.308,0.1303,-0.5634,-0.0525,-2.3629,0.0181,NA,"t2_ratio_th2_il10","ch_qpcr_pos_ascaris"
"0",138,218,-1.21396550507246,-1.43422060550459,0.589065164714392,0.670919369860816,-0.2192,0.0793,-0.3746,-0.0638,-2.7653,0.0057,0.340550644661399,"t2_ratio_il12_il10","diar7d_t2"
"1",31,31,-1.27628881290323,-1.65133576451613,0.496637099633181,0.813578195666338,-0.2273,0.0793,-0.3827,-0.0718,-2.8651,0.0042,NA,"t2_ratio_il12_il10","diar7d_t2"
"0",114,170,-1.15824819122807,-1.40835204882353,0.611637216255871,0.71903530183848,-0.2573,0.0932,-0.4401,-0.0746,-2.7598,0.0058,0.275460164593126,"t2_ratio_il12_il10","fever7d_t2"
"1",55,79,-1.36457998363636,-1.57508420759494,0.455088180070521,0.619564568461517,-0.2649,0.0931,-0.4474,-0.0823,-2.8438,0.0045,NA,"t2_ratio_il12_il10","fever7d_t2"
"0",120,177,-1.23925966416667,-1.44767470056497,0.635363707951544,0.671354541115826,-0.1868,0.0854,-0.3543,-0.0194,-2.1874,0.0287,0.331330416984487,"t2_ratio_il12_il10","ch_pos_giardia"
"1",44,63,-1.20653403863636,-1.48198953492063,0.383379797151295,0.768985750580727,-0.2469,0.133,-0.5075,0.0138,-1.8563,0.0634,NA,"t2_ratio_il12_il10","ch_pos_giardia"
"0",164,239,-1.23047961829268,-1.4578222958159,0.57766921556038,0.698044605084959,-0.2022,0.074,-0.3472,-0.0571,-2.7322,0.0063,0.34760121579237,"t2_ratio_il12_il10","ch_pos_entamoeba"
"1",NA,1,NA,-1.184234,NA,NA,-0.2097,0.074,-0.3547,-0.0646,-2.8327,0.0046,NA,"t2_ratio_il12_il10","ch_pos_entamoeba"
"0",160,237,-1.234275520625,-1.45948865400844,0.577420346248521,0.700017190247673,-0.2022,0.0753,-0.3498,-0.0547,-2.6872,0.0072,0.339891020112641,"t2_ratio_il12_il10","ch_pos_crypto"
"1",4,3,-1.078643525,-1.2349839,0.654724324265134,0.352784856691766,-0.0786,0.1443,-0.3614,0.2042,-0.5449,0.5858,NA,"t2_ratio_il12_il10","ch_pos_crypto"
"0",46,NA,-1.33844909347826,NA,0.550246819075568,NA,-0.2389,0.0852,-0.4059,-0.0719,-2.8034,0.0051,0.434039349004156,"t2_ratio_il12_il10","ch_qpcr_pos_trichuris"
"1",2,NA,-1.4175695,NA,0.110573822908046,NA,-0.2382,0.0851,-0.4051,-0.0713,-2.7976,0.0051,NA,"t2_ratio_il12_il10","ch_qpcr_pos_trichuris"
"0",41,NA,-1.31877138536585,NA,0.518734919567596,NA,-0.2388,0.0852,-0.4057,-0.0719,-2.8044,0.005,0.461143848831206,"t2_ratio_il12_il10","ch_qpcr_pos_ascaris"
"1",7,NA,-1.47631007142857,NA,0.67541530649584,NA,-0.2381,0.0851,-0.4049,-0.0714,-2.7986,0.0051,NA,"t2_ratio_il12_il10","ch_qpcr_pos_ascaris"
"0",138,218,-0.175295555072464,-0.311104070642202,0.601380809651506,0.556810640358923,-0.1171,0.0864,-0.2865,0.0523,-1.3551,0.1754,0.107235388850923,"t2_ratio_ifn_il10","diar7d_t2"
"1",31,32,-0.233874564516129,-0.359305934375,0.447595325066981,0.539270816428679,-0.0949,0.1035,-0.2977,0.1079,-0.9172,0.359,NA,"t2_ratio_ifn_il10","diar7d_t2"
"0",114,170,-0.119911990350877,-0.289768860588235,0.633926110638024,0.593405938430007,-0.1549,0.0908,-0.333,0.0231,-1.7059,0.088,0.0990980587456059,"t2_ratio_ifn_il10","fever7d_t2"
"1",55,80,-0.32310784,-0.3757221375,0.401435064935134,0.456268900107055,-0.1316,0.1039,-0.3352,0.072,-1.2671,0.2051,NA,"t2_ratio_ifn_il10","fever7d_t2"
"0",120,177,-0.188801253333333,-0.301718607344633,0.595138424792048,0.552904145135229,-0.0832,0.0887,-0.257,0.0906,-0.9384,0.348,0.189439190817445,"t2_ratio_ifn_il10","ch_pos_giardia"
"1",44,64,-0.208927422727273,-0.32609236875,0.538780509734805,0.576551493071001,-0.1083,0.1054,-0.315,0.0984,-1.0269,0.3044,NA,"t2_ratio_ifn_il10","ch_pos_giardia"
"0",164,240,-0.194200957317073,-0.309039010416667,0.578997713832925,0.559183578551699,-0.0914,0.0757,-0.2398,0.0569,-1.2081,0.227,0.202723914359229,"t2_ratio_ifn_il10","ch_pos_entamoeba"
"1",NA,1,NA,-0.1047426,NA,NA,-0.0674,0.0911,-0.2459,0.1111,-0.7398,0.4594,NA,"t2_ratio_ifn_il10","ch_pos_entamoeba"
"0",160,238,-0.19887391,-0.309567950840336,0.580824795285228,0.557022811625436,-0.0879,0.0781,-0.2409,0.0652,-1.1253,0.2605,0.197463688425386,"t2_ratio_ifn_il10","ch_pos_crypto"
"1",4,3,-0.00728285000000001,-0.1989776,0.535652473261445,0.775343053635383,-0.1409,0.3632,-0.8527,0.571,-0.3878,0.6981,NA,"t2_ratio_ifn_il10","ch_pos_crypto"
"0",46,NA,-0.213433476086957,NA,0.532556516360574,NA,-0.1105,0.0843,-0.2757,0.0547,-1.3107,0.19,0.940410324653603,"t2_ratio_ifn_il10","ch_qpcr_pos_trichuris"
"1",2,NA,-0.41084175,NA,0.159080287437272,NA,-0.1062,0.075,-0.2532,0.0409,-1.4153,0.157,NA,"t2_ratio_ifn_il10","ch_qpcr_pos_trichuris"
"0",41,NA,-0.186732812195122,NA,0.516392698285274,NA,-0.1101,0.0841,-0.2749,0.0546,-1.3101,0.1902,0.987520075614582,"t2_ratio_ifn_il10","ch_qpcr_pos_ascaris"
"1",7,NA,-0.426225442857143,NA,0.555778266081984,NA,-0.1071,0.0748,-0.2538,0.0396,-1.4306,0.1525,NA,"t2_ratio_ifn_il10","ch_qpcr_pos_ascaris"
"0",138,217,1.63146672898551,1.59760408617512,0.71119212872115,0.66061223840668,-0.0871,0.0966,-0.2764,0.1022,-0.9017,0.3672,0.274961643967109,"t2_ratio_il4_il10","diar7d_t2"
"1",31,32,1.79590682903226,1.7794662625,0.59088939815895,0.657588301270921,-0.0955,0.0973,-0.2862,0.0953,-0.9809,0.3266,NA,"t2_ratio_il4_il10","diar7d_t2"
"0",114,169,1.66373294561404,1.65335445739645,0.722384619096669,0.632252631624896,-0.0559,0.1087,-0.269,0.1572,-0.5144,0.607,0.265993651271361,"t2_ratio_il4_il10","fever7d_t2"
"1",55,80,1.65727208181818,1.5525762975,0.630746136889032,0.719382118481324,-0.064,0.1093,-0.2783,0.1502,-0.5858,0.558,NA,"t2_ratio_il4_il10","fever7d_t2"
"0",120,177,1.68910438916667,1.60886414180791,0.738050455242154,0.626783403438041,-0.1265,0.0981,-0.3188,0.0657,-1.2902,0.197,0.638339647094895,"t2_ratio_il4_il10","ch_pos_giardia"
"1",44,63,1.59457665227273,1.70514599047619,0.573508575109802,0.748208994238327,0.0917,0.1329,-0.1689,0.3522,0.6896,0.4904,NA,"t2_ratio_il4_il10","ch_pos_giardia"
"0",164,239,1.66374328902439,1.63310716945607,0.697288338656256,0.661743602909714,-0.0713,0.0906,-0.2489,0.1063,-0.7868,0.4314,0.712809101845582,"t2_ratio_il4_il10","ch_pos_entamoeba"
"1",NA,1,NA,1.880537,NA,NA,-0.0796,0.0914,-0.2588,0.0995,-0.8712,0.3836,NA,"t2_ratio_il4_il10","ch_pos_entamoeba"
"0",160,237,1.64684855875,1.63094767721519,0.689139064288335,0.662429860062031,-0.0569,0.0892,-0.2318,0.118,-0.6378,0.5236,0.740336739634515,"t2_ratio_il4_il10","ch_pos_crypto"
"1",4,3,2.3395325,1.88618366666667,0.789272399703888,0.514452911828997,-0.5497,0.4228,-1.3785,0.279,-1.3001,0.1936,NA,"t2_ratio_il4_il10","ch_pos_crypto"
"0",46,NA,1.59724328043478,NA,0.698820273932302,NA,-0.1157,0.1003,-0.3124,0.0809,-1.1534,0.2487,0.401719692647213,"t2_ratio_il4_il10","ch_qpcr_pos_trichuris"
"1",2,NA,1.402955,NA,0.28851088043261,NA,-0.1142,0.1003,-0.3108,0.0824,-1.1385,0.2549,NA,"t2_ratio_il4_il10","ch_qpcr_pos_trichuris"
"0",41,NA,1.63802927073171,NA,0.685467483587547,NA,-0.1157,0.1003,-0.3122,0.0808,-1.1542,0.2484,0.436075160408633,"t2_ratio_il4_il10","ch_qpcr_pos_ascaris"
"1",7,NA,1.30284297142857,NA,0.666451207714468,NA,-0.1142,0.1002,-0.3107,0.0823,-1.139,0.2547,NA,"t2_ratio_il4_il10","ch_qpcr_pos_ascaris"
"0",138,218,-1.71511199782609,-1.66105085733945,0.730158128185271,0.67124346638587,0.0532,0.0822,-0.1079,0.2143,0.6475,0.5173,0.291130950715266,"t2_ratio_il5_il10","diar7d_t2"
"1",31,32,-1.57363552903226,-1.769990925,0.710705463057976,0.581042457730637,-0.3714,0.1597,-0.6844,-0.0585,-2.3263,0.02,NA,"t2_ratio_il5_il10","diar7d_t2"
"0",114,170,-1.6349363,-1.58863793941176,0.800672062140049,0.65008973728553,0.0415,0.0993,-0.1531,0.2362,0.4184,0.6756,0.315888462923934,"t2_ratio_il5_il10","fever7d_t2"
"1",55,80,-1.80155307090909,-1.858504335,0.53102193296287,0.648135019262033,-0.4136,0.1559,-0.7192,-0.108,-2.6523,0.008,NA,"t2_ratio_il5_il10","fever7d_t2"
"0",120,177,-1.696772,-1.64698153220339,0.743458173330461,0.662357325799361,0.059,0.0846,-0.1068,0.2248,0.6975,0.4855,0.629725150396508,"t2_ratio_il5_il10","ch_pos_giardia"
"1",44,64,-1.67243526818182,-1.6969674265625,0.675621332426714,0.636506171946411,-0.0035,0.133,-0.2642,0.2572,-0.0265,0.9788,NA,"t2_ratio_il5_il10","ch_pos_giardia"
"0",164,240,-1.69024263292683,-1.65979956875,0.72392041459113,0.655978185678964,0.043,0.0731,-0.1003,0.1863,0.5886,0.5561,0.673495825990856,"t2_ratio_il5_il10","ch_pos_entamoeba"
"1",NA,1,NA,-1.76975,NA,NA,-0.4055,0.1568,-0.7128,-0.0982,-2.5861,0.0097,NA,"t2_ratio_il5_il10","ch_pos_entamoeba"
"0",160,238,-1.692109825625,-1.65662406092437,0.726386628021337,0.654081764691421,0.0471,0.0752,-0.1004,0.1945,0.6257,0.5315,0.676771308376035,"t2_ratio_il5_il10","ch_pos_crypto"
"1",4,3,-1.615554925,-1.94837333333333,0.708205789323571,0.777588649995184,-0.2442,0.5222,-1.2678,0.7793,-0.4677,0.64,NA,"t2_ratio_il5_il10","ch_pos_crypto"
"0",46,NA,-1.73306657608696,NA,0.745645431101811,NA,0.0292,0.0813,-0.1303,0.1886,0.3586,0.7199,0.808873093245715,"t2_ratio_il5_il10","ch_qpcr_pos_trichuris"
"1",2,NA,-2.315985,NA,0.203847571307583,NA,0.1403,0.0918,-0.0395,0.3202,1.5293,0.1262,NA,"t2_ratio_il5_il10","ch_qpcr_pos_trichuris"
"0",41,NA,-1.77772859756098,NA,0.790780599121493,NA,0.0264,0.0817,-0.1337,0.1865,0.3231,0.7466,0.923057450677726,"t2_ratio_il5_il10","ch_qpcr_pos_ascaris"
"1",7,NA,-1.63802285714286,NA,0.311498414024014,NA,0.1333,0.0916,-0.0463,0.3128,1.4551,0.1456,NA,"t2_ratio_il5_il10","ch_qpcr_pos_ascaris"
"0",138,217,-0.634214936231884,-0.584832597235023,0.810267867804346,1.00079942393839,0.0571,0.1224,-0.1829,0.297,0.4662,0.6411,0.362284755236614,"t2_ratio_il13_il10","diar7d_t2"
"1",31,32,-0.292328406451613,-0.603798771875,1.15802235453479,1.03920613429432,0.0466,0.1229,-0.1942,0.2874,0.3795,0.7043,NA,"t2_ratio_il13_il10","diar7d_t2"
"0",114,169,-0.490912043859649,-0.501470423668639,0.869106626031091,0.935341844518064,-0.0104,0.1336,-0.2723,0.2514,-0.0779,0.9379,0.329112505705786,"t2_ratio_il13_il10","fever7d_t2"
"1",55,80,-0.738543069090909,-0.76852165875,0.917981534494868,1.11936046595747,-0.0206,0.1347,-0.2846,0.2434,-0.1527,0.8787,NA,"t2_ratio_il13_il10","fever7d_t2"
"0",120,176,-0.55692008,-0.62029648125,0.912509293830477,0.949785752610685,-0.0312,0.1219,-0.2701,0.2077,-0.2563,0.7977,0.219291630041554,"t2_ratio_il13_il10","ch_pos_giardia"
"1",44,64,-0.577609236363636,-0.452978965625,0.85365813438372,1.16495266282177,0.1271,0.224,-0.3119,0.5661,0.5676,0.5703,NA,"t2_ratio_il13_il10","ch_pos_giardia"
"0",164,239,-0.562470829268293,-0.576739427615063,0.894555371728641,1.0137994052502,0.0073,0.114,-0.2161,0.2306,0.0636,0.9493,0.185405715688921,"t2_ratio_il13_il10","ch_pos_entamoeba"
"1",NA,1,NA,-0.3221113,NA,NA,-0.0038,0.1148,-0.2288,0.2212,-0.0329,0.9738,NA,"t2_ratio_il13_il10","ch_pos_entamoeba"
"0",160,237,-0.561845225,-0.579640956540084,0.901493829965018,1.01497272976148,0.0043,0.1169,-0.2248,0.2334,0.0366,0.9708,0.187365634485594,"t2_ratio_il13_il10","ch_pos_crypto"
"1",4,3,-0.587495,-0.2626426,0.636899161852863,0.793937000823497,0.29,0.3238,-0.3446,0.9247,0.8957,0.3704,NA,"t2_ratio_il13_il10","ch_pos_crypto"
"0",46,NA,-0.769834343478261,NA,0.865987067168565,NA,-0.0515,0.13,-0.3063,0.2034,-0.3957,0.6923,0.190937872923443,"t2_ratio_il13_il10","ch_qpcr_pos_trichuris"
"1",2,NA,-0.78517075,NA,0.39854412020644,NA,0.1326,0.2144,-0.2876,0.5527,0.6184,0.5363,NA,"t2_ratio_il13_il10","ch_qpcr_pos_trichuris"
"0",41,NA,-0.700120236585366,NA,0.88485295517264,NA,-0.0496,0.1303,-0.3049,0.2057,-0.3807,0.7034,0.404584851764733,"t2_ratio_il13_il10","ch_qpcr_pos_ascaris"
"1",7,NA,-1.18254165714286,NA,0.446500493850969,NA,0.1246,0.2153,-0.2973,0.5465,0.5787,0.5628,NA,"t2_ratio_il13_il10","ch_qpcr_pos_ascaris"
"0",136,215,0.744171658670094,0.650796341868953,0.707253939378524,0.657624343124495,-0.119,0.0797,-0.2752,0.0372,-1.4932,0.1354,0.165582003912781,"t2_ratio_th17_il10","diar7d_t2"
"1",31,31,0.855276864423263,0.535758008190773,0.584198251348596,0.528630939354047,-0.0227,0.1024,-0.2234,0.1779,-0.2221,0.8242,NA,"t2_ratio_th17_il10","diar7d_t2"
"0",112,167,0.801742647742125,0.701289752827913,0.719798677793851,0.604460504880294,-0.1252,0.0949,-0.3112,0.0607,-1.3203,0.1867,0.138652541172055,"t2_ratio_th17_il10","fever7d_t2"
"1",55,79,0.689559124166108,0.498915481436423,0.610159698538831,0.702033026311862,-0.0207,0.1151,-0.2463,0.2049,-0.1798,0.8573,NA,"t2_ratio_th17_il10","fever7d_t2"
"0",118,173,0.793770048163017,0.634528120994854,0.730883978738071,0.639575958308129,-0.186,0.0852,-0.3529,-0.0191,-2.1838,0.029,0.248836135992606,"t2_ratio_th17_il10","ch_pos_giardia"
"1",44,64,0.715544052771701,0.686322564829566,0.556041372615159,0.611660470627542,-0.0342,0.1159,-0.2612,0.1929,-0.2948,0.7682,NA,"t2_ratio_th17_il10","ch_pos_giardia"
"0",162,236,0.772523481513524,0.647393498337971,0.687019573581257,0.632398249010611,-0.1455,0.072,-0.2866,-0.0043,-2.0203,0.0434,0.294177519535836,"t2_ratio_th17_il10","ch_pos_entamoeba"
"1",NA,1,NA,0.913143473440812,NA,NA,-0.0527,0.1019,-0.2524,0.1471,-0.5169,0.6052,NA,"t2_ratio_th17_il10","ch_pos_entamoeba"
"0",158,234,0.770485029311529,0.648856655225417,0.68846908282038,0.635111054338332,-0.1424,0.0746,-0.2886,0.0037,-1.9099,0.0561,0.299642802907968,"t2_ratio_th17_il10","ch_pos_crypto"
"1",4,3,0.853042343492334,0.62185058615151,0.718417214441341,0.182822275987128,-0.2495,0.2106,-0.6622,0.1632,-1.1851,0.236,NA,"t2_ratio_th17_il10","ch_pos_crypto"
"0",45,NA,0.656926484619928,NA,0.665323443823792,NA,-0.1776,0.0729,-0.3206,-0.0346,-2.4346,0.0149,0.399984829324843,"t2_ratio_th17_il10","ch_qpcr_pos_trichuris"
"1",2,NA,0.37258668547393,NA,0.382398823645902,NA,-0.0895,0.0794,-0.2452,0.0662,-1.127,0.2597,NA,"t2_ratio_th17_il10","ch_qpcr_pos_trichuris"
"0",40,NA,0.685999385820576,NA,0.683302073793258,NA,-0.1774,0.073,-0.3204,-0.0343,-2.4305,0.0151,0.423497869541521,"t2_ratio_th17_il10","ch_qpcr_pos_ascaris"
"1",7,NA,0.40955567800308,NA,0.430781624039659,NA,-0.0891,0.0791,-0.2441,0.0659,-1.1265,0.26,NA,"t2_ratio_th17_il10","ch_qpcr_pos_ascaris"
"0",138,218,-0.609472602898551,-0.808542791284404,0.616954752341451,0.66488534284795,-0.2144,0.074,-0.3594,-0.0693,-2.8969,0.0038,0.391355494786372,"t2_ratio_il17_il10","diar7d_t2"
"1",31,32,-0.59154774516129,-0.798501396875,0.481057675465337,0.49190335567818,-0.103,0.0847,-0.2691,0.0631,-1.2156,0.2242,NA,"t2_ratio_il17_il10","diar7d_t2"
"0",114,170,-0.544332949122807,-0.760570697058824,0.612243575176351,0.669245637701133,-0.2431,0.0781,-0.3962,-0.0901,-3.1141,0.0018,0.36556626723009,"t2_ratio_il17_il10","fever7d_t2"
"1",55,80,-0.734386238181818,-0.90646693375,0.53402942196254,0.580072894162012,-0.1446,0.0923,-0.3255,0.0364,-1.5659,0.1174,NA,"t2_ratio_il17_il10","fever7d_t2"
"0",120,177,-0.585980145833333,-0.837131289830508,0.640730535017663,0.644086566964305,-0.2917,0.0822,-0.4529,-0.1306,-3.5491,0.0004,0.799502016134236,"t2_ratio_il17_il10","ch_pos_giardia"
"1",44,64,-0.668402309090909,-0.6783769765625,0.426295668501226,0.60959537132705,0.0673,0.1187,-0.1653,0.2999,0.5671,0.5707,NA,"t2_ratio_il17_il10","ch_pos_giardia"
"0",164,240,-0.608093409146341,-0.796369169166667,0.590760958955889,0.638696964494485,-0.2021,0.0682,-0.3356,-0.0685,-2.9648,0.003,0.940482602273228,"t2_ratio_il17_il10","ch_pos_entamoeba"
"1",NA,1,NA,-0.4597642,NA,NA,-0.0911,0.0867,-0.2611,0.0789,-1.0506,0.2934,NA,"t2_ratio_il17_il10","ch_pos_entamoeba"
"0",160,238,-0.606327998125,-0.797126156302521,0.595357035637862,0.639950145394127,-0.2034,0.0688,-0.3382,-0.0686,-2.9572,0.0031,0.941915876792643,"t2_ratio_il17_il10","ch_pos_crypto"
"1",4,3,-0.67870985,-0.6241132,0.4118097682152,0.479715878566126,-0.0586,0.273,-0.5937,0.4765,-0.2148,0.8299,NA,"t2_ratio_il17_il10","ch_pos_crypto"
"0",46,NA,-0.740724158695652,NA,0.449964632933021,NA,-0.2296,0.0775,-0.3815,-0.0776,-2.9613,0.0031,0.774655026305479,"t2_ratio_il17_il10","ch_qpcr_pos_trichuris"
"1",2,NA,-0.72349975,NA,0.123018407282183,NA,-0.472,0.1437,-0.7535,-0.1904,-3.2852,0.001,NA,"t2_ratio_il17_il10","ch_qpcr_pos_trichuris"
"0",41,NA,-0.739233026829268,NA,0.407192573346439,NA,-0.2334,0.0787,-0.3877,-0.0791,-2.9642,0.003,0.462824142901637,"t2_ratio_il17_il10","ch_qpcr_pos_ascaris"
"1",7,NA,-0.744536671428571,NA,0.644769984614363,NA,-0.4678,0.1436,-0.7492,-0.1864,-3.2587,0.0011,NA,"t2_ratio_il17_il10","ch_qpcr_pos_ascaris"
"0",136,215,-1.92093580367647,-1.87130882604651,1.06924082028455,0.959002628913518,0.0195,0.1272,-0.2298,0.2689,0.1536,0.8779,0.0768780257844871,"t2_ratio_il21_il10","diar7d_t2"
"1",31,31,-1.64983779032258,-2.13979896774194,0.860499686041664,1.03120447155438,0.0114,0.1278,-0.2391,0.262,0.0895,0.9287,NA,"t2_ratio_il21_il10","diar7d_t2"
"0",112,167,-1.86753789285714,-1.80093308443114,1.10203577843943,0.864005719019441,0.0312,0.1554,-0.2733,0.3357,0.2008,0.8409,0.101128181173766,"t2_ratio_il21_il10","fever7d_t2"
"1",55,79,-1.87687266909091,-2.12543468987342,0.898564983044379,1.13848801678931,0.0241,0.1553,-0.2803,0.3285,0.1553,0.8766,NA,"t2_ratio_il21_il10","fever7d_t2"
"0",118,173,-1.8119134059322,-1.90837071040462,1.02939976778833,1.00834624462071,-0.1317,0.1203,-0.3676,0.1042,-1.0944,0.2738,0.0184341439843176,"t2_ratio_il21_il10","ch_pos_giardia"
"1",44,64,-1.92474590681818,-1.8531012703125,1.03427275104023,0.847876831208616,0.0629,0.2182,-0.3647,0.4905,0.2884,0.7731,NA,"t2_ratio_il21_il10","ch_pos_giardia"
"0",162,236,-1.84255927037037,-1.89510138220339,1.0287381939474,0.967916937657456,-0.0786,0.1159,-0.3058,0.1485,-0.6784,0.4975,0.0210010262471364,"t2_ratio_il21_il10","ch_pos_entamoeba"
"1",NA,1,NA,-1.502688,NA,NA,-0.0873,0.1163,-0.3152,0.1405,-0.7512,0.4526,NA,"t2_ratio_il21_il10","ch_pos_entamoeba"
"0",158,234,-1.8521926,-1.89148951794872,1.03193058921162,0.972031518180042,-0.0669,0.1179,-0.298,0.1642,-0.5674,0.5704,0.0223464629204566,"t2_ratio_il21_il10","ch_pos_crypto"
"1",4,3,-1.46204275,-2.04602233333333,0.932122230689865,0.219667161934444,-0.5174,0.2649,-1.0366,0.0018,-1.9533,0.0508,NA,"t2_ratio_il21_il10","ch_pos_crypto"
"0",45,NA,-1.98161654666667,NA,1.06806371037597,NA,-0.1099,0.1113,-0.3281,0.1083,-0.9871,0.3236,0.42674481072621,"t2_ratio_il21_il10","ch_qpcr_pos_trichuris"
"1",2,NA,-2.5871905,NA,0.995563214397007,NA,-0.3968,0.1624,-0.7151,-0.0785,-2.4437,0.0145,NA,"t2_ratio_il21_il10","ch_qpcr_pos_trichuris"
"0",40,NA,-1.896733015,NA,1.07117806572874,NA,-0.112,0.1109,-0.3294,0.1054,-1.0097,0.3126,0.729467145650227,"t2_ratio_il21_il10","ch_qpcr_pos_ascaris"
"1",7,NA,-2.63968642857143,NA,0.800932148466992,NA,-0.4013,0.1621,-0.7189,-0.0836,-2.4761,0.0133,NA,"t2_ratio_il21_il10","ch_qpcr_pos_ascaris"
"0",138,218,1.89546193405797,1.70404810458716,0.953811436511319,0.912670906845214,-0.1906,0.1216,-0.429,0.0479,-1.5665,0.1172,0.0159800324545158,"t2_ratio_gmc_il10","diar7d_t2"
"1",31,32,2.17733454193548,1.741115959375,1.18064516926004,0.828273979792744,-0.1986,0.1207,-0.4352,0.038,-1.6451,0.0999,NA,"t2_ratio_gmc_il10","diar7d_t2"
"0",114,170,1.95782110438597,1.79042034176471,0.967022902632527,0.885190755907608,-0.1736,0.128,-0.4246,0.0774,-1.3557,0.1752,0.0158041599974031,"t2_ratio_gmc_il10","fever7d_t2"
"1",55,80,1.92508203272727,1.5353342425,1.07802709314228,0.914702462777707,-0.1807,0.1277,-0.431,0.0697,-1.4144,0.1573,NA,"t2_ratio_gmc_il10","fever7d_t2"
"0",120,177,1.90711449166667,1.7118393920904,1.04253075523272,0.914588229938437,-0.2021,0.1249,-0.4469,0.0426,-1.6189,0.1055,0.803735034153616,"t2_ratio_gmc_il10","ch_pos_giardia"
"1",44,64,2.04636641136364,1.70947954375,0.915138491939445,0.891156512609468,-0.2676,0.176,-0.6125,0.0773,-1.5209,0.1283,NA,"t2_ratio_gmc_il10","ch_pos_giardia"
"0",164,240,1.94447476280488,1.70928868,1.0090797824251,0.907977721706719,-0.2213,0.1123,-0.4414,-0.0012,-1.9708,0.0487,0.852812418017169,"t2_ratio_gmc_il10","ch_pos_entamoeba"
"1",NA,1,NA,2.17298,NA,NA,-0.2294,0.1114,-0.4478,-0.011,-2.0584,0.0395,NA,"t2_ratio_gmc_il10","ch_pos_entamoeba"
"0",160,238,1.953517888125,1.71350879915966,1.01827016760341,0.911188685165576,-0.2257,0.1147,-0.4506,-0.0008,-1.9667,0.0492,0.85798740482463,"t2_ratio_gmc_il10","ch_pos_crypto"
"1",4,3,1.58274975,1.52905633333333,0.437414909426108,0.434617289233106,-0.1975,0.2206,-0.6298,0.2349,-0.8952,0.3707,NA,"t2_ratio_gmc_il10","ch_pos_crypto"
"0",46,NA,1.75944905434783,NA,0.866064566391867,NA,-0.3132,0.1184,-0.5453,-0.081,-2.644,0.0082,0.0522456366846383,"t2_ratio_gmc_il10","ch_qpcr_pos_trichuris"
"1",2,NA,1.59356525,NA,0.863364298353323,NA,-0.4772,0.2367,-0.9411,-0.0132,-2.0158,0.0438,NA,"t2_ratio_gmc_il10","ch_qpcr_pos_trichuris"
"0",41,NA,1.70962881707317,NA,0.8679942767919,NA,-0.3133,0.1181,-0.5447,-0.0818,-2.653,0.008,0.0295898557668586,"t2_ratio_gmc_il10","ch_qpcr_pos_ascaris"
"1",7,NA,2.00385792857143,NA,0.805916508587088,NA,-0.4794,0.2328,-0.9357,-0.0232,-2.0597,0.0394,NA,"t2_ratio_gmc_il10","ch_qpcr_pos_ascaris"
"0",136,215,0.45508922097127,0.380921086827517,0.479772820473617,0.488956663954118,-0.0438,0.0724,-0.1858,0.0981,-0.605,0.5452,0.375162541477593,"t2_ratio_th1_th17","diar7d_t2"
"1",31,30,0.295359580008603,0.434072801067262,0.539915381643066,0.331590978025565,0.0406,0.0951,-0.1458,0.227,0.4269,0.6694,NA,"t2_ratio_th1_th17","diar7d_t2"
"0",112,167,0.456097877775865,0.367714302200336,0.46559730376004,0.468120666789691,-0.059,0.0757,-0.2073,0.0893,-0.7799,0.4355,0.347862533274914,"t2_ratio_th1_th17","fever7d_t2"
"1",55,78,0.363005794935684,0.429640118365101,0.54571717193985,0.481410303791705,0.0092,0.0895,-0.1662,0.1846,0.1027,0.9182,NA,"t2_ratio_th1_th17","fever7d_t2"
"0",118,173,0.387759649494253,0.40273879919365,0.52217069267965,0.482288112974226,0.0656,0.0863,-0.1037,0.2348,0.7593,0.4477,0.0632601017788743,"t2_ratio_th1_th17","ch_pos_giardia"
"1",44,63,0.474704811563144,0.327341542561936,0.349892258283331,0.415577939586518,-0.1603,0.0897,-0.3362,0.0156,-1.7863,0.0741,NA,"t2_ratio_th1_th17","ch_pos_giardia"
"0",162,235,0.411374384870989,0.382875039908828,0.482024810044094,0.466730349762565,0.0044,0.0773,-0.1471,0.1559,0.0567,0.9548,0.0861917327735165,"t2_ratio_th1_th17","ch_pos_entamoeba"
"1",NA,1,NA,0.320695063328843,NA,NA,0.0714,0.1024,-0.1294,0.2721,0.6965,0.4861,NA,"t2_ratio_th1_th17","ch_pos_entamoeba"
"0",158,233,0.409376711738718,0.380062075618334,0.487543447737962,0.467241386469167,0.0038,0.0781,-0.1492,0.1568,0.0487,0.9611,0.0850192564090817,"t2_ratio_th1_th17","ch_pos_crypto"
"1",4,3,0.49028247359571,0.580621940943861,0.14582630328246,0.323769541324624,0.0924,0.1323,-0.1669,0.3518,0.6985,0.4848,NA,"t2_ratio_th1_th17","ch_pos_crypto"
"0",45,NA,0.468537191738821,NA,0.516862979240859,NA,0.0217,0.0655,-0.1066,0.1501,0.332,0.7399,0.563759464868785,"t2_ratio_th1_th17","ch_qpcr_pos_trichuris"
"1",2,NA,0.594736576985734,NA,0.514750951899337,NA,0.0471,0.1038,-0.1564,0.2505,0.4535,0.6502,NA,"t2_ratio_th1_th17","ch_qpcr_pos_trichuris"
"0",40,NA,0.464754669618545,NA,0.541687049508363,NA,0.0213,0.0654,-0.1069,0.1496,0.326,0.7444,0.632403731981863,"t2_ratio_th1_th17","ch_qpcr_pos_ascaris"
"1",7,NA,0.526208571068084,NA,0.311950931580953,NA,0.0444,0.1042,-0.1599,0.2486,0.4258,0.6702,NA,"t2_ratio_th1_th17","ch_qpcr_pos_ascaris"
"0",138,218,-0.604492986231884,-0.625677847706422,0.427726224215122,0.545504430062151,-0.0074,0.0639,-0.1327,0.1179,-0.1156,0.908,0.656972132604674,"t2_ratio_il12_il17","diar7d_t2"
"1",31,31,-0.684741070967742,-0.849365058064516,0.477844281262283,0.916687041479003,-0.0111,0.0652,-0.1389,0.1167,-0.1707,0.8644,NA,"t2_ratio_il12_il17","diar7d_t2"
"0",114,170,-0.613915285087719,-0.647781367058823,0.42675950183839,0.672848656473928,-0.0103,0.0724,-0.1521,0.1316,-0.1421,0.887,0.655668668135164,"t2_ratio_il12_il17","fever7d_t2"
"1",55,79,-0.630193869090909,-0.665889306329114,0.461225698773176,0.432834838191962,-0.0138,0.0736,-0.1582,0.1305,-0.1876,0.8512,NA,"t2_ratio_il12_il17","fever7d_t2"
"0",120,177,-0.65327959,-0.610543427118644,0.457078451394617,0.539872124531167,0.0953,0.0684,-0.0387,0.2293,1.3941,0.1633,0.381852786488106,"t2_ratio_il12_il17","ch_pos_giardia"
"1",44,63,-0.538131786363636,-0.80381223968254,0.356673589308644,0.770633044361007,-0.2894,0.1597,-0.6023,0.0235,-1.8125,0.0699,NA,"t2_ratio_il12_il17","ch_pos_giardia"
"0",164,239,-0.622386276829268,-0.661012083682008,0.43440058381149,0.614424169124183,-0.0087,0.065,-0.1362,0.1188,-0.1341,0.8933,0.516194061234643,"t2_ratio_il12_il17","ch_pos_entamoeba"
"1",NA,1,NA,-0.7244697,NA,NA,-0.0123,0.066,-0.1417,0.1171,-0.186,0.8524,NA,"t2_ratio_il12_il17","ch_pos_entamoeba"
"0",160,237,-0.627947596875,-0.661914540506329,0.436802858572372,0.616510680431623,-0.0058,0.0657,-0.1347,0.123,-0.0886,0.9294,0.510309546972107,"t2_ratio_il12_il17","ch_pos_crypto"
"1",4,3,-0.399933475,-0.610870533333333,0.27028356173734,0.269437010934993,-0.0968,0.1918,-0.4727,0.279,-0.505,0.6136,NA,"t2_ratio_il12_il17","ch_pos_crypto"
"0",46,NA,-0.597725034782609,NA,0.39288595975925,NA,-0.014,0.068,-0.1472,0.1192,-0.2066,0.8363,0.671696019050258,"t2_ratio_il12_il17","ch_qpcr_pos_trichuris"
"1",2,NA,-0.69407,NA,0.233592442322264,NA,-0.0733,0.0876,-0.2451,0.0985,-0.8362,0.403,NA,"t2_ratio_il12_il17","ch_qpcr_pos_trichuris"
"0",41,NA,-0.579538463414634,NA,0.407111193959988,NA,-0.0143,0.0679,-0.1474,0.1189,-0.2102,0.8335,0.861481665524994,"t2_ratio_il12_il17","ch_qpcr_pos_ascaris"
"1",7,NA,-0.731773514285714,NA,0.204278149944876,NA,-0.0751,0.0869,-0.2455,0.0953,-0.864,0.3876,NA,"t2_ratio_il12_il17","ch_qpcr_pos_ascaris"
"0",138,218,0.434177039855072,0.497438718807339,0.521897243254822,0.570429213214783,0.1067,0.0786,-0.0474,0.2609,1.3572,0.1747,0.407710769330956,"t2_ratio_ifn_il17","diar7d_t2"
"1",31,32,0.357673170967742,0.439195515625,0.536125592959403,0.358196374310659,0.0902,0.1058,-0.1172,0.2976,0.8525,0.394,NA,"t2_ratio_ifn_il17","diar7d_t2"
"0",114,170,0.424420973684211,0.470801831176471,0.560316919965393,0.578459445576937,0.1022,0.0802,-0.055,0.2594,1.2744,0.2025,0.353804731953708,"t2_ratio_ifn_il17","fever7d_t2"
"1",55,80,0.411278341818182,0.53074482375,0.44312357972651,0.476487168942188,0.0899,0.1091,-0.124,0.3038,0.8236,0.4101,NA,"t2_ratio_ifn_il17","fever7d_t2"
"0",120,177,0.397178875833333,0.535412682485876,0.527101199509658,0.569763089850377,0.2068,0.0776,0.0547,0.3589,2.6647,0.0077,0.346925098997234,"t2_ratio_ifn_il17","ch_pos_giardia"
"1",44,64,0.459474877272727,0.352284609375,0.48605521673351,0.451943112745189,-0.1212,0.1099,-0.3366,0.0941,-1.1034,0.2699,NA,"t2_ratio_ifn_il17","ch_pos_giardia"
"0",164,240,0.413892437195122,0.487330159166667,0.515681238651485,0.547193989706909,0.1166,0.0724,-0.0254,0.2585,1.6099,0.1074,0.406401904190635,"t2_ratio_ifn_il17","ch_pos_entamoeba"
"1",NA,1,NA,0.3550216,NA,NA,0.092,0.1065,-0.1166,0.3007,0.8644,0.3874,NA,"t2_ratio_ifn_il17","ch_pos_entamoeba"
"0",160,238,0.407454071875,0.487558205042017,0.519973203516814,0.548084344388416,0.1167,0.073,-0.0263,0.2598,1.5993,0.1098,0.407766329872645,"t2_ratio_ifn_il17","ch_pos_crypto"
"1",4,3,0.67142705,0.425135666666667,0.168350864438935,0.432210660517303,0.1375,0.1716,-0.1989,0.4739,0.8009,0.4232,NA,"t2_ratio_ifn_il17","ch_pos_crypto"
"0",46,NA,0.527290647826087,NA,0.410785991035255,NA,0.1356,0.0799,-0.021,0.2922,1.6976,0.0896,0.40275298962789,"t2_ratio_ifn_il17","ch_qpcr_pos_trichuris"
"1",2,NA,0.312658,NA,0.282098694719454,NA,0.1492,0.1033,-0.0533,0.3517,1.4443,0.1487,NA,"t2_ratio_ifn_il17","ch_qpcr_pos_trichuris"
"0",41,NA,0.552500180487805,NA,0.402191076922727,NA,0.1367,0.0802,-0.0204,0.2938,1.705,0.0882,0.216951308889482,"t2_ratio_ifn_il17","ch_qpcr_pos_ascaris"
"1",7,NA,0.3183112,NA,0.400660951098424,NA,0.1531,0.1032,-0.0492,0.3554,1.4829,0.1381,NA,"t2_ratio_ifn_il17","ch_qpcr_pos_ascaris"
"0",136,215,0.707903786029412,0.428218609302326,0.912498084512797,0.972564377451403,-0.2304,0.1328,-0.4906,0.0298,-1.7357,0.0826,0.138065635348489,"t2_ratio_il12_il21","diar7d_t2"
"1",31,30,0.373549003225806,0.499015203333333,0.94763826037148,1.2921812816472,0.014,0.1931,-0.3645,0.3924,0.0724,0.9423,NA,"t2_ratio_il12_il21","diar7d_t2"
"0",112,167,0.7114181875,0.381626814371258,0.891334692132038,1.00894521244427,-0.301,0.1502,-0.5953,-0.0066,-2.0038,0.0451,0.116122610738251,"t2_ratio_il12_il21","fever7d_t2"
"1",55,78,0.512292672727273,0.555202296153846,0.98621389104861,1.02176245394434,-0.0322,0.2027,-0.4295,0.3651,-0.1589,0.8738,NA,"t2_ratio_il12_il21","fever7d_t2"
"0",118,173,0.573300903389831,0.454122106936416,0.905233277947718,1.04879202102648,-0.0674,0.1525,-0.3663,0.2316,-0.4418,0.6586,0.026375759581309,"t2_ratio_il12_il21","ch_pos_giardia"
"1",44,63,0.7182119,0.361960615873016,0.883667461792704,0.946268963516914,-0.2686,0.1881,-0.6373,0.1,-1.4282,0.1532,NA,"t2_ratio_il12_il21","ch_pos_giardia"
"0",162,235,0.612659445679012,0.429992296170213,0.899018359783637,1.02342258749322,-0.1204,0.1354,-0.3857,0.145,-0.8891,0.3739,0.0264500506490378,"t2_ratio_il12_il21","ch_pos_entamoeba"
"1",NA,1,NA,0.3184537,NA,NA,0.1207,0.1785,-0.2292,0.4706,0.6759,0.4991,NA,"t2_ratio_il12_il21","ch_pos_entamoeba"
"0",158,233,0.618463500632911,0.424607418025751,0.908460113975196,1.02571942654504,-0.1299,0.1366,-0.3977,0.1379,-0.9507,0.3418,0.0262947339024734,"t2_ratio_il12_il21","ch_pos_crypto"
"1",4,3,0.383399275,0.8110383,0.335681940930502,0.535240381014428,0.3938,0.2023,-0.0027,0.7903,1.9469,0.0515,NA,"t2_ratio_il12_il21","ch_pos_crypto"
"0",45,NA,0.646376924444444,NA,1.10302942229988,NA,-0.1025,0.1195,-0.3367,0.1317,-0.8575,0.3912,0.551762354344791,"t2_ratio_il12_il21","ch_qpcr_pos_trichuris"
"1",2,NA,1.16962035,NA,1.10613654233031,NA,0.1769,0.1512,-0.1195,0.4732,1.1698,0.2421,NA,"t2_ratio_il12_il21","ch_qpcr_pos_trichuris"
"0",40,NA,0.58206415,NA,1.07598047878021,NA,-0.1056,0.1195,-0.3398,0.1285,-0.8843,0.3765,0.809856268708592,"t2_ratio_il12_il21","ch_qpcr_pos_ascaris"
"1",7,NA,1.16337661428571,NA,1.16308967753913,NA,0.1787,0.1503,-0.1159,0.4734,1.189,0.2344,NA,"t2_ratio_il12_il21","ch_qpcr_pos_ascaris"
"0",136,215,1.74443954926471,1.55850318697674,0.930174845714731,0.864124754818627,-0.1424,0.1325,-0.4022,0.1174,-1.074,0.2828,0.284806352740562,"t2_ratio_ifn_il21","diar7d_t2"
"1",31,31,1.41596322903226,1.79358118064516,0.726828706744382,0.862651106536399,-0.1165,0.1281,-0.3675,0.1346,-0.9093,0.3632,NA,"t2_ratio_ifn_il21","diar7d_t2"
"0",112,167,1.74715688214286,1.50935685389222,0.921987147989196,0.804855445931583,-0.2069,0.1472,-0.4953,0.0816,-1.4058,0.1598,0.248470697381964,"t2_ratio_ifn_il21","fever7d_t2"
"1",55,79,1.55376487272727,1.75464059746835,0.856796988002645,0.966479163541515,-0.1814,0.1383,-0.4524,0.0896,-1.3118,0.1896,NA,"t2_ratio_ifn_il21","fever7d_t2"
"0",118,173,1.62149934152542,1.60737836300578,0.878876274613783,0.919119973474391,0.0354,0.1522,-0.2628,0.3336,0.2326,0.816,0.020722771861356,"t2_ratio_ifn_il21","ch_pos_giardia"
"1",44,64,1.71581857954545,1.527008815625,0.841390690130295,0.684178248964441,-0.1634,0.167,-0.4908,0.164,-0.9782,0.328,NA,"t2_ratio_ifn_il21","ch_pos_giardia"
"0",162,236,1.64711691234568,1.58647066101695,0.867279647639346,0.863094585777602,-0.0172,0.1333,-0.2786,0.2441,-0.1293,0.8971,0.023995672855227,"t2_ratio_ifn_il21","ch_pos_entamoeba"
"1",NA,1,NA,1.397945,NA,NA,0.0048,0.1269,-0.2438,0.2535,0.0381,0.9696,NA,"t2_ratio_ifn_il21","ch_pos_entamoeba"
"0",158,234,1.65198671329114,1.5823243025641,0.875769564379436,0.86155633085099,-0.0227,0.1337,-0.2849,0.2394,-0.1698,0.8651,0.0243464769314943,"t2_ratio_ifn_il21","ch_pos_crypto"
"1",4,3,1.454759775,1.84704473333333,0.42174404182071,0.983825419243584,0.2165,0.3212,-0.4131,0.846,0.6739,0.5004,NA,"t2_ratio_ifn_il21","ch_pos_crypto"
"0",45,NA,1.77033247555556,NA,0.956389408921905,NA,0.0201,0.129,-0.2327,0.273,0.1561,0.8759,0.27162362805956,"t2_ratio_ifn_il21","ch_qpcr_pos_trichuris"
"1",2,NA,2.1763485,NA,1.15464385538767,NA,0.1699,0.1904,-0.2033,0.5431,0.8925,0.3721,NA,"t2_ratio_ifn_il21","ch_qpcr_pos_trichuris"
"0",40,NA,1.71308571,NA,0.938518511692493,NA,0.0173,0.129,-0.2355,0.2701,0.1343,0.8931,0.506191559327293,"t2_ratio_ifn_il21","ch_qpcr_pos_ascaris"
"1",7,NA,2.21346142857143,NA,1.00427070374872,NA,0.1515,0.1907,-0.2223,0.5253,0.7943,0.427,NA,"t2_ratio_ifn_il21","ch_qpcr_pos_ascaris"
